ID,Cropland
ID_ABQOQT,0
ID_ADDROF,0
ID_AFIWZH,0
ID_AFQOFP,0
ID_AHRONV,0
ID_AKGJVW,1
ID_ALPHGS,0
ID_ANJQRQ,0
ID_AOCZHZ,0
ID_AQDMBJ,0
ID_AREFEH,0
ID_ASVZKD,0
ID_ATIYUW,0
ID_AUTAXQ,1
ID_AUXREL,1
ID_AWDDGE,1
ID_AWOXFB,1
ID_AYIYPT,0
ID_AYWVHB,0
ID_BBUNQN,0
ID_BIBZYB,0
ID_BJADVZ,0
ID_BJHOIS,0
ID_BJSCIW,1
ID_BLEOVK,0
ID_BLHHBN,0
ID_BLZZBF,1
ID_BNGZJA,0
ID_BONODI,0
ID_BQXZTL,1
ID_BUHJDN,1
ID_BUJJOP,0
ID_BULHBF,0
ID_BWBAXW,1
ID_BYNZOG,0
ID_BYWXQL,0
ID_BZQWGS,0
ID_CAIJHD,0
ID_CAPSBT,0
ID_CATHHN,0
ID_CELGET,0
ID_CESQTI,0
ID_CFESSS,0
ID_CGVOSN,0
ID_CHHBKU,0
ID_CMPNZZ,1
ID_CNBFWX,0
ID_COHPSF,1
ID_COSFNB,0
ID_CPBHQO,0
ID_CPIKHK,1
ID_CQUKBJ,1
ID_CQWLSX,1
ID_CRHPLR,0
ID_CSMTRQ,1
ID_CUVJVB,0
ID_CUWPDZ,0
ID_CVEKZH,1
ID_CXXNSJ,0
ID_CXXZOE,0
ID_CZVOYZ,0
ID_DBCXIS,0
ID_DDTPKO,0
ID_DEISIY,0
ID_DERVSB,1
ID_DFKOXL,0
ID_DFPTRE,0
ID_DHESNK,0
ID_DHKNXS,0
ID_DIJVMR,0
ID_DJEQSQ,0
ID_DJLHRP,0
ID_DJXTXK,0
ID_DJZSKP,0
ID_DKRWCC,0
ID_DRKUXW,0
ID_DSSCPE,1
ID_DUAOJU,0
ID_DUGXUA,0
ID_DUTDZD,1
ID_DYDILF,0
ID_DZPGEO,0
ID_EANHZO,0
ID_EBTNTM,0
ID_ECDGVT,0
ID_EFVTTW,0
ID_EIFXUB,0
ID_EJHKIP,0
ID_EJSNVU,0
ID_EKHSGR,0
ID_ELOKAJ,0
ID_ELTTOC,0
ID_EMLUOW,0
ID_ENNSFA,0
ID_EPUSXA,0
ID_ERICJT,0
ID_EUESMX,1
ID_EUMSQV,0
ID_EWPJEX,1
ID_EXJLGM,0
ID_EYCEPR,0
ID_EYNBGW,0
ID_EYNUSE,0
ID_EYWZVW,0
ID_EZLXBD,0
ID_EZTHIV,0
ID_FAEHCV,0
ID_FAGMWB,1
ID_FAIGFY,0
ID_FDCVCU,0
ID_FDGIAT,0
ID_FDGYPK,0
ID_FDYOMU,0
ID_FFREEB,1
ID_FFWIDX,1
ID_FGBTRC,0
ID_FHCGCH,1
ID_FITJTV,0
ID_FKMGOO,0
ID_FLOQMR,0
ID_FNAXFD,0
ID_FNNBDI,0
ID_FOHQMP,0
ID_FSIJYU,0
ID_FUPEEM,1
ID_FVLHUF,0
ID_FWUJVV,0
ID_FXOUJN,0
ID_FXWBGR,0
ID_GAUITQ,1
ID_GCAKTZ,0
ID_GCAOZJ,0
ID_GCUWKQ,0
ID_GDLPGK,0
ID_GDXGPQ,0
ID_GESIIA,0
ID_GGOGPX,0
ID_GHGBOV,0
ID_GJHYSC,0
ID_GJVKCO,0
ID_GKEQLA,0
ID_GKRHIT,0
ID_GLXSHV,0
ID_GNFSHB,0
ID_GOFZHH,0
ID_GQWOCV,0
ID_GSAYNS,1
ID_GULKYZ,1
ID_GXDLGG,1
ID_GYLWOB,0
ID_GYWWJE,0
ID_GZEXCS,0
ID_HCOPPU,0
ID_HDRJZV,0
ID_HDRSYN,0
ID_HGWZRC,0
ID_HIODGS,0
ID_HIYBEJ,0
ID_HMCXDL,1
ID_HMSCWD,1
ID_HNNEYE,0
ID_HRDSYY,0
ID_HSAQSB,0
ID_HSUXOZ,0
ID_HTEDOZ,1
ID_HUIGHW,0
ID_HUPJQQ,1
ID_HVTIPR,0
ID_HXMDWL,0
ID_HYVOLI,0
ID_HZAVRU,0
ID_HZLJVL,0
ID_HZMJYL,0
ID_IAYNZF,0
ID_IDXHPF,0
ID_IGGGTY,1
ID_IHDRFH,0
ID_IIENCN,0
ID_IKMRCO,0
ID_ILBVBW,0
ID_ILGWNQ,0
ID_IMGGCH,0
ID_INFVNK,0
ID_IOZPOV,1
ID_IPFFBQ,1
ID_IPQLGV,1
ID_ISQWWW,1
ID_ISUMQE,1
ID_ITCTBW,0
ID_ITTDSS,0
ID_ITYKUA,0
ID_IUQVXC,0
ID_IVERQG,0
ID_IWSHAY,0
ID_IWSHIK,0
ID_IXUWXF,0
ID_IZKNZR,0
ID_IZNLPC,0
ID_JAJTWY,1
ID_JAWEFU,0
ID_JBMWRM,0
ID_JBOXWS,0
ID_JBWJZH,0
ID_JDHMBL,0
ID_JEVUVE,0
ID_JGNMCZ,0
ID_JIRWIS,0
ID_JISTWA,1
ID_JJEFYM,0
ID_JKOFOB,0
ID_JLYWCR,1
ID_JMPAHD,0
ID_JNZVUD,0
ID_JOMXNK,0
ID_JPGWEI,1
ID_JRROQJ,0
ID_JTOUVZ,0
ID_JUANLR,1
ID_KBGISR,1
ID_KCMKYA,1
ID_KDJTMW,0
ID_KDPTYY,0
ID_KFZNCB,1
ID_KGFWBN,1
ID_KGLULW,0
ID_KHDKYR,0
ID_KMBGGQ,1
ID_KMQGRS,0
ID_KMYZYW,0
ID_KNZFIG,0
ID_KOGGLZ,0
ID_KPNYFS,0
ID_KQFSMG,1
ID_KQGCTM,0
ID_KQMQHY,0
ID_KSCNQH,1
ID_KSHCJN,0
ID_KTOPFF,1
ID_KWUQUC,0
ID_KXITDZ,0
ID_KXPSWT,1
ID_KYVPUL,0
ID_KZZAPX,0
ID_LAIRKE,0
ID_LCXPAN,0
ID_LDMQCK,1
ID_LFGVIP,0
ID_LFILKC,1
ID_LFOSFI,1
ID_LGMFOY,0
ID_LHAUQG,0
ID_LIESOG,1
ID_LJMOJG,1
ID_LKRGLH,0
ID_LMFPIS,1
ID_LPRMLF,0
ID_LRIWUQ,1
ID_LRJBNF,0
ID_LRJDXB,0
ID_LURZPY,0
ID_LWUQNK,0
ID_LYFLJA,0
ID_LYWGNE,0
ID_LZQVGX,0
ID_MAYEXE,1
ID_MBBYXO,0
ID_MCBLIG,0
ID_MCEBHU,1
ID_MCXSNX,0
ID_MDOIOO,1
ID_MDQAKO,0
ID_MDSQHR,0
ID_MFKBJZ,0
ID_MFYIAR,0
ID_MGZBFQ,0
ID_MHVIOA,1
ID_MKRMXB,0
ID_MLEBYM,0
ID_MLPNIP,0
ID_MMAOAN,0
ID_MMLSIH,1
ID_MNRFGT,0
ID_MPGKLQ,0
ID_MTCPQK,0
ID_MUCFRH,0
ID_MUFXTG,1
ID_MURHBB,0
ID_MVXJKO,0
ID_MWIYAY,0
ID_MWPYBX,0
ID_MXUECN,0
ID_MZUUPS,0
ID_MZYRUI,0
ID_NAQLSQ,0
ID_NDFPCN,0
ID_NEGLLN,0
ID_NFRYJB,0
ID_NGMBZS,0
ID_NIACKZ,0
ID_NIEXIJ,0
ID_NKZXTH,1
ID_NMLTGW,0
ID_NMRKVM,1
ID_NQBKSC,1
ID_NQCTRJ,0
ID_NQDAJP,0
ID_NQUUZU,0
ID_NSCRGI,0
ID_NSHVJR,0
ID_NTEFMS,0
ID_NTHZRD,0
ID_NTVBZQ,0
ID_NVHHPZ,1
ID_NWJHBW,0
ID_NWLWST,0
ID_NXVGVM,1
ID_OACPQH,0
ID_OBHDFX,1
ID_OCHNIK,0
ID_OCZXLD,1
ID_ODGFQX,0
ID_OESFNU,1
ID_OHZDTP,0
ID_OKEJTQ,1
ID_OLZGGI,0
ID_OMIRBC,0
ID_OMYWMF,0
ID_OOSKCA,0
ID_OPCIZS,0
ID_OQBAWY,0
ID_OQQWQD,0
ID_OSEHZP,0
ID_OTBPNW,0
ID_OUECWQ,1
ID_OZJKED,1
ID_PAGUHZ,0
ID_PEQQVD,0
ID_PFCHYI,0
ID_PFPKSF,0
ID_PFRFCV,0
ID_PITMNM,0
ID_PMNLTI,0
ID_POIDJR,0
ID_POLKUP,1
ID_POROYM,0
ID_PPPJVQ,0
ID_PSBXIG,0
ID_PSDKPW,1
ID_PWETSO,0
ID_PWWLNL,1
ID_QAHFTR,0
ID_QAHTET,0
ID_QARKJO,0
ID_QBZRKT,0
ID_QEWWWB,1
ID_QGMXVC,1
ID_QILPTC,1
ID_QIVTRF,0
ID_QJJFGY,1
ID_QKZJWX,0
ID_QKZNYC,0
ID_QLJJGM,1
ID_QPESEJ,1
ID_QPGVAB,1
ID_QUIIVW,1
ID_QUQTYF,0
ID_QVRBSS,0
ID_QXLGGB,0
ID_RAAUGI,1
ID_RATUCL,1
ID_RAYCAI,0
ID_RBKPAH,0
ID_RCZBNN,0
ID_REJLQW,0
ID_RGVXBZ,1
ID_RGVZQM,0
ID_RGZAKL,0
ID_RHBTMQ,0
ID_RHPDVC,0
ID_RHRMLH,0
ID_RKVOZB,0
ID_RNGQCL,1
ID_RPVYCG,1
ID_RRCQUS,0
ID_RSPVOV,1
ID_RSRVQX,1
ID_RTBPMX,1
ID_RTKVGS,1
ID_RTYKTE,1
ID_RVKCNR,1
ID_RVZDXC,0
ID_RVZMAN,1
ID_RWRHNN,0
ID_RYDMNB,0
ID_RYDPUA,1
ID_RYJTON,0
ID_RYLOQX,0
ID_SAMDFR,0
ID_SBKOKF,0
ID_SBYEKP,0
ID_SCGGZH,0
ID_SCPVOI,0
ID_SCTFIV,0
ID_SDCCFF,1
ID_SDQPGR,0
ID_SDWMWO,0
ID_SHGDFD,1
ID_SIDJPE,0
ID_SIPNKO,0
ID_SKCEGV,0
ID_SKREMZ,1
ID_SLHSVU,0
ID_SLRYUQ,0
ID_SLTZHV,1
ID_SNZBLV,0
ID_SOZCVT,0
ID_SQEDFF,0
ID_SRXWIP,0
ID_SRZCKI,0
ID_STEPTC,0
ID_SWQTSF,0
ID_SXVIAP,0
ID_SYOOEZ,1
ID_SYUFPE,0
ID_TBDFIR,0
ID_TCJOBA,0
ID_TCLHRM,0
ID_TDMOGW,0
ID_TEJUWI,0
ID_TFKIJS,0
ID_TFOYLS,1
ID_TGMUDA,1
ID_THBXYM,0
ID_THSWSY,1
ID_TLNIVM,0
ID_TNQHCH,0
ID_TOLABW,0
ID_TOOZRI,0
ID_TOUNAI,1
ID_TOXCPP,0
ID_TPEJQA,0
ID_TPJZID,0
ID_TRHKEO,0
ID_TRJBRI,1
ID_TVBCWE,0
ID_TWSZPJ,1
ID_TWZDJO,0
ID_TXXAVH,0
ID_TYUABG,0
ID_UAOYKY,0
ID_UBTSVK,1
ID_UBZMKN,0
ID_UECLLM,1
ID_UFNLLW,0
ID_UGDOBT,1
ID_UHBSOC,0
ID_UJLJNI,0
ID_ULDWLA,0
ID_UMTTLY,0
ID_UNCNYB,0
ID_UOCBEQ,0
ID_UOTEWX,0
ID_UPRRSR,1
ID_UQBCRH,0
ID_UREJJA,1
ID_URQDTE,0
ID_USKVTP,0
ID_USNZJO,0
ID_USQSPE,0
ID_USTIHB,0
ID_UTIBOV,0
ID_UTICZD,1
ID_UWNLZB,0
ID_VAUSIE,0
ID_VBEHTO,0
ID_VCCTVO,0
ID_VCWGMP,1
ID_VCWQRE,0
ID_VGKJKO,0
ID_VGPNKI,0
ID_VGUCWW,0
ID_VHHSPI,0
ID_VHRYDD,1
ID_VICGJN,1
ID_VJQPHC,0
ID_VJYZMH,0
ID_VKBQBD,0
ID_VKNWMW,0
ID_VKTWAF,0
ID_VLNLBM,1
ID_VMSNHV,1
ID_VNCRED,1
ID_VNEIND,0
ID_VPQAYV,0
ID_VQWPSB,0
ID_VSDSLA,0
ID_VSHPCD,0
ID_VSPZRA,0
ID_VTRNQL,0
ID_VWAITD,0
ID_VXHKDY,1
ID_VZCAIR,0
ID_VZDVJQ,0
ID_WAQGHK,1
ID_WBCLLP,0
ID_WCLSCO,0
ID_WCNHYJ,1
ID_WCSEGR,0
ID_WGELKH,1
ID_WGMJDY,1
ID_WGNBZR,0
ID_WGSVTR,0
ID_WHTHXD,0
ID_WIRKXL,1
ID_WLRQPA,1
ID_WMFZIQ,0
ID_WMIMCG,1
ID_WMJOCM,0
ID_WOKDQA,0
ID_WOXTKI,0
ID_WPNMOU,0
ID_WQREBV,0
ID_WVCYQV,0
ID_WWAFVV,0
ID_WWHUKY,1
ID_WYCMBT,0
ID_XBKKIH,0
ID_XCCDEN,1
ID_XCKAFN,0
ID_XCONSY,0
ID_XEPQMC,1
ID_XEUZYB,1
ID_XEWEXZ,0
ID_XHDTXU,0
ID_XJSVVG,0
ID_XLCRVI,0
ID_XLDXVI,1
ID_XLVQIM,0
ID_XOVPDD,0
ID_XPSNVO,1
ID_XQHOAH,0
ID_XRNVVW,1
ID_XROUJX,0
ID_XTMGGQ,1
ID_XUWWYJ,0
ID_XVGQOD,0
ID_XVRDCN,0
ID_XWHQPD,0
ID_XZIXJE,1
ID_YAKTTZ,1
ID_YARWSC,0
ID_YDWOJR,1
ID_YFRDQE,0
ID_YHRGJX,0
ID_YIAUTT,0
ID_YICCWP,1
ID_YIJUVR,0
ID_YKCHDE,0
ID_YKLUSC,0
ID_YKSBRQ,1
ID_YQUNDF,0
ID_YUHHSJ,0
ID_YUYQEZ,0
ID_YVMNXE,0
ID_YVQUDH,0
ID_YXKFSD,1
ID_ZCCDVB,0
ID_ZDIYFI,0
ID_ZDZMGP,0
ID_ZEZGCL,0
ID_ZFOYDT,0
ID_ZFRWQW,0
ID_ZGEEOY,0
ID_ZGKKAS,0
ID_ZGOJXN,1
ID_ZHNSBE,1
ID_ZHQPTY,0
ID_ZHZRHO,1
ID_ZJAFJA,1
ID_ZKUIYT,0
ID_ZLAGNN,0
ID_ZLVHKQ,1
ID_ZMMYNU,0
ID_ZNHCFF,1
ID_ZNTZZC,1
ID_ZNZWAS,1
ID_ZOKMQZ,0
ID_ZOMDIL,0
ID_ZPUSRA,0
ID_ZQLNDF,0
ID_ZQORVU,1
ID_ZUGVPJ,0
ID_ZUXZWD,1
ID_ZVZYWE,1
ID_ZWQRGK,1
ID_ZWSZZU,1
ID_ZYBQJU,0
ID_ZZHSMO,0
ID_ZZLDKS,1
ID_ZZVDLZ,0
