ID,location,translated_lat,translated_lon,pred_ensemble,pred_lgb,pred_cat,pred_xgb,pred_tabpfn,agreement,tabpfn_vs_majority
ID_QAHFTR,Fergana,41.464537917205725,71.76717691720572,0,0,0,0,0,0,1
ID_XCKAFN,Fergana,41.081854917205725,72.39779491720572,0,0,0,0,0,0,1
ID_AFQOFP,Fergana,41.65210591720572,72.14446991720571,0,0,0,0,0,0,1
ID_VAUSIE,Fergana,41.366979917205725,73.03218491720571,0,0,0,1,0,1,1
ID_YICCWP,Fergana,41.334640917205725,71.52058991720571,1,1,1,1,1,5,1
ID_USNZJO,Fergana,41.26834491720573,72.83680091720572,0,0,0,0,0,0,1
ID_VQWPSB,Fergana,41.24435991720573,72.35736991720572,1,1,1,1,1,5,1
ID_FHCGCH,Fergana,41.187227917205725,71.76906391720571,1,1,1,1,1,5,1
ID_QJJFGY,Fergana,41.080776917205725,71.46830791720572,1,1,1,1,1,5,1
ID_QPESEJ,Fergana,41.00343191720573,72.54089591720572,1,1,1,1,1,5,1
ID_ZQORVU,Fergana,40.77490091720573,71.45591091720571,1,0,1,1,1,4,1
ID_FAIGFY,Fergana,40.61428191720572,71.66207391720572,0,0,0,0,0,0,1
ID_WIRKXL,Fergana,40.50567591720572,71.80167291720572,1,1,1,1,1,5,1
ID_GGOGPX,Fergana,41.447558917205725,71.51115691720571,0,0,0,0,0,0,1
ID_KFZNCB,Fergana,40.75263243235039,72.10889747560675,1,1,1,1,1,5,1
ID_CQUKBJ,Fergana,40.49834207185901,71.84293529536895,1,1,1,1,1,5,1
ID_ZNZWAS,Fergana,40.91493630652106,72.07765966574227,1,1,1,1,1,5,1
ID_RNGQCL,Fergana,40.88427358686513,71.53753388282787,1,1,1,1,1,5,1
ID_LYWGNE,Fergana,40.77572015297013,72.12081002685956,0,0,0,0,0,0,1
ID_XWHQPD,Fergana,40.80071290888454,71.74704194994452,0,0,0,0,1,1,0
ID_TOUNAI,Fergana,40.91374535260817,72.13795098360193,1,1,1,1,1,5,1
ID_AYWVHB,Fergana,40.91133418064688,72.03124627992953,0,0,0,0,0,0,1
ID_WYCMBT,Fergana,40.57388648617498,72.00040979393823,0,0,0,0,0,0,1
ID_TDMOGW,Fergana,40.56009889367399,71.29994980168506,0,0,0,0,0,0,1
ID_LFOSFI,Fergana,40.73022169929956,71.6599818706401,1,1,1,1,1,5,1
ID_ZQLNDF,Fergana,40.76846190922472,72.01816377912617,0,0,0,0,0,0,1
ID_IPFFBQ,Fergana,40.33188757169662,71.36442338062882,1,1,1,1,1,5,1
ID_FXWBGR,Fergana,40.81486898937285,72.09628638551688,0,0,0,0,0,0,1
ID_FDYOMU,Fergana,40.8031673882352,71.82254606738901,0,0,0,0,1,1,0
ID_UECLLM,Fergana,40.67310207747672,71.6439485918611,1,1,1,1,1,5,1
ID_SRZCKI,Fergana,40.604012415145256,71.30314171443378,0,0,0,0,0,0,1
ID_WGELKH,Fergana,40.92061167105052,71.81093093850366,1,1,1,1,0,4,0
ID_GYLWOB,Fergana,40.92122648951581,72.10594888073929,0,0,0,0,0,0,1
ID_ZVZYWE,Fergana,40.86468672352745,71.2773240328449,1,1,1,1,1,5,1
ID_MFKBJZ,Fergana,40.72407487504429,72.09357770283283,0,0,0,0,0,0,1
ID_GULKYZ,Fergana,40.9171007783394,71.71909163723309,1,1,1,1,1,5,1
ID_OSEHZP,Fergana,40.87928289298613,71.34898584240473,0,1,0,0,0,1,1
ID_OTBPNW,Fergana,40.79975089895523,72.39712320139036,0,0,0,0,0,0,1
ID_EYCEPR,Fergana,40.63305975384068,71.7964099028327,0,0,0,0,0,0,1
ID_GDXGPQ,Fergana,40.68174608396654,72.18983936366585,0,0,0,0,0,0,1
ID_KPNYFS,Fergana,40.931741548149965,71.68042456335719,0,0,1,0,0,1,1
ID_GKRHIT,Fergana,40.77492433545742,71.41975702185711,0,0,0,0,0,0,1
ID_BLZZBF,Fergana,40.81177111733839,72.22634536037391,1,1,1,1,1,5,1
ID_GYWWJE,Fergana,40.69078463305865,72.31593642803382,0,0,0,0,0,0,1
ID_VSPZRA,Fergana,40.79859682434212,72.08976602520387,0,0,0,0,0,0,1
ID_VHRYDD,Fergana,40.71033869140873,71.86453059318082,1,1,1,1,1,5,1
ID_COHPSF,Fergana,40.86130961295921,71.78899445376102,1,1,1,1,1,5,1
ID_QGMXVC,Fergana,40.74143263700929,72.20482639870285,1,1,1,1,1,5,1
ID_LHAUQG,Fergana,40.5716490606828,72.09324871475623,0,0,0,0,0,0,1
ID_TOLABW,Fergana,40.89472714654149,72.10503617238847,0,0,0,0,0,0,1
ID_XOVPDD,Fergana,40.50833430903858,71.8719959343497,0,0,0,0,0,0,1
ID_IXUWXF,Fergana,40.64478724444668,71.52435042590885,0,0,0,0,0,0,1
ID_GCUWKQ,Fergana,40.55469939536263,71.9796807964208,0,0,0,0,0,0,1
ID_EYWZVW,Fergana,40.6644035127426,72.3281815397378,0,0,0,1,0,1,1
ID_ATIYUW,Fergana,40.33406679652901,71.29600127588294,0,0,0,0,0,0,1
ID_VGUCWW,Fergana,40.52037001522458,71.99793864400534,0,0,0,0,0,0,1
ID_FVLHUF,Fergana,40.75986968013776,71.95369083831498,0,0,0,0,0,0,1
ID_AFIWZH,Fergana,40.769855486624486,72.19080531054995,0,0,0,0,0,0,1
ID_QKZNYC,Fergana,40.74052245196108,72.10413567169753,0,0,0,0,0,0,1
ID_ZEZGCL,Fergana,40.6345500494618,72.041527045862,0,0,0,0,0,0,1
ID_SIPNKO,Fergana,40.82723428092512,72.1137105232449,0,0,0,0,0,0,1
ID_GSAYNS,Fergana,40.76643888324477,71.5274739708196,1,1,1,1,1,5,1
ID_TRJBRI,Fergana,40.90305261632064,71.62126504710052,1,1,1,1,1,5,1
ID_IWSHIK,Fergana,40.702007567457336,71.74739699201565,0,0,0,0,0,0,1
ID_KHDKYR,Fergana,40.72080815695269,72.2101246917539,0,0,0,0,0,0,1
ID_XQHOAH,Fergana,40.59238234227123,71.34542447894104,0,0,0,0,0,0,1
ID_LPRMLF,Fergana,40.6192065399164,71.65003976358902,0,0,0,0,0,0,1
ID_MXUECN,Fergana,40.68395259880722,72.29491825820664,0,0,0,0,0,0,1
ID_QIVTRF,Fergana,40.958253115493015,71.68877194236099,0,0,0,0,0,0,1
ID_FAGMWB,Fergana,40.82883772895459,71.64256944529883,1,1,1,1,1,5,1
ID_KQFSMG,Fergana,40.50134222844528,71.96917893914612,1,1,1,1,1,5,1
ID_RATUCL,Fergana,40.83749363894676,72.37318498166515,1,1,1,1,1,5,1
ID_EYNBGW,Fergana,41.18547149433399,71.85227736718697,0,0,0,0,0,0,1
ID_LURZPY,Fergana,41.18123429815196,71.58217943753279,0,0,0,0,0,0,1
ID_XPSNVO,Fergana,41.57329062119182,72.13655469272699,1,1,1,1,1,5,1
ID_XTMGGQ,Fergana,41.149305525468456,71.53219786791529,1,1,1,1,1,5,1
ID_TNQHCH,Fergana,41.33019655971011,72.06817614686294,0,0,0,0,0,0,1
ID_HIODGS,Fergana,41.41234014235092,71.30508575200538,0,0,0,0,0,0,1
ID_SBKOKF,Fergana,41.431559288880486,71.59777027287574,0,0,0,0,0,0,1
ID_KXPSWT,Fergana,41.12083013701768,71.42940153353261,0,0,1,0,1,2,0
ID_JAJTWY,Fergana,41.04987032030427,71.79950501597644,1,1,1,1,1,5,1
ID_KTOPFF,Fergana,41.4035681615372,71.79458688686607,1,0,1,1,1,4,1
ID_LAIRKE,Fergana,41.25456521056028,71.91481999193066,0,0,0,0,0,0,1
ID_MDQAKO,Fergana,41.52885867982618,71.75234644811236,0,0,0,0,0,0,1
ID_AQDMBJ,Fergana,41.49234457687728,71.97524600367531,0,0,0,0,0,0,1
ID_FITJTV,Fergana,41.30703098685623,71.96315808114396,0,0,0,0,0,0,1
ID_GCAOZJ,Fergana,41.36366991490322,71.73931537392373,0,0,0,0,0,0,1
ID_QUQTYF,Fergana,41.2140508582473,71.65527530920777,0,0,0,0,0,0,1
ID_ADDROF,Fergana,41.3804774905765,71.91086109271812,0,0,0,0,0,0,1
ID_STEPTC,Fergana,41.280706259395366,72.29113247563937,1,1,1,0,1,4,1
ID_VZCAIR,Fergana,41.08924216126152,71.40719648578529,0,0,0,0,0,0,1
ID_YKSBRQ,Fergana,40.9821932823082,71.44657752098432,1,1,1,1,1,5,1
ID_CUWPDZ,Fergana,41.00667943971242,71.58637465700117,0,0,0,0,0,0,1
ID_UJLJNI,Fergana,41.25532684860999,71.94962570292542,0,0,0,0,0,0,1
ID_WVCYQV,Fergana,41.25577840820679,71.42640003449311,0,0,0,0,0,0,1
ID_SLTZHV,Fergana,40.97535742398187,71.38813504022694,1,1,1,0,1,4,1
ID_NMLTGW,Fergana,41.45885877967961,72.00602646034663,0,0,0,0,0,0,1
ID_VCWGMP,Fergana,41.32708413230258,71.5134502794884,1,1,1,1,1,5,1
ID_JAWEFU,Fergana,41.301943465652265,71.74069711621219,0,0,0,0,0,0,1
ID_IWSHAY,Fergana,41.35336630327426,71.90365230909528,0,0,0,0,0,0,1
ID_CSMTRQ,Fergana,41.093882130950384,71.50365467363123,1,1,1,1,1,5,1
ID_MUCFRH,Fergana,41.406457964294496,71.61964421009493,0,0,0,0,0,0,1
ID_PMNLTI,Fergana,41.02414358314089,71.62621193327324,0,0,0,0,0,0,1
ID_SHGDFD,Fergana,41.310034753682224,72.1828118551439,1,1,1,1,1,5,1
ID_NTEFMS,Fergana,41.52800179353019,71.73959783987517,0,0,0,0,0,0,1
ID_ZNHCFF,Fergana,41.19208496634669,72.02520783916522,1,1,1,1,1,5,1
ID_EANHZO,Fergana,41.01685504023251,71.58506224136916,0,0,0,0,0,0,1
ID_SDWMWO,Fergana,41.34316074523061,71.5858025407206,0,0,0,0,0,0,1
ID_MLEBYM,Fergana,41.34922827891963,71.34210183663096,0,0,0,0,0,0,1
ID_VKBQBD,Fergana,41.6959716961717,72.00654704600937,0,0,0,0,0,0,1
ID_OHZDTP,Fergana,41.362825787093605,72.25175822858246,0,0,0,0,0,0,1
ID_UFNLLW,Fergana,41.44060301244516,72.00419079954015,0,0,0,0,0,0,1
ID_ZHQPTY,Fergana,41.43761182654904,71.28569111395656,0,0,0,0,0,0,1
ID_FFREEB,Fergana,41.10930064427404,71.6227081874061,1,1,1,1,1,5,1
ID_ALPHGS,Fergana,41.36767016190284,72.01018796054491,0,0,0,0,0,0,1
ID_SLRYUQ,Fergana,41.41726245024821,71.7789879101568,0,0,0,0,0,0,1
ID_RYLOQX,Fergana,41.19474932365178,72.06359999159186,0,0,0,0,1,1,0
ID_VBEHTO,Fergana,41.39384873877545,71.97842581569132,0,0,0,0,0,0,1
ID_HDRSYN,Fergana,41.43885135200375,71.45641062686515,0,0,0,0,0,0,1
ID_MCBLIG,Fergana,41.38334791693622,71.84794728845795,0,0,0,0,0,0,1
ID_CZVOYZ,Fergana,41.38361445184344,71.77140189373468,0,0,0,0,0,0,1
ID_RHBTMQ,Fergana,41.2223682361089,71.9524100713469,0,0,0,0,0,0,1
ID_XEPQMC,Fergana,41.12849568398942,71.29696834900905,1,1,1,1,1,5,1
ID_JIRWIS,Fergana,41.23275569223349,72.02155610502139,0,0,0,0,0,0,1
ID_HYVOLI,Fergana,41.3605219462884,72.18092127746338,1,1,0,1,1,4,1
ID_IZKNZR,Fergana,41.17995622858464,71.88312981552333,0,0,0,0,1,1,0
ID_OKEJTQ,Fergana,41.066196166833855,71.72842978083015,1,1,0,1,1,4,1
ID_TFOYLS,Fergana,41.29940693968998,71.37925259807004,1,1,1,1,1,5,1
ID_DZPGEO,Fergana,41.524237212167314,72.08626088582868,0,0,0,0,1,1,0
ID_OCZXLD,Fergana,40.770965175590725,71.27963594318115,1,1,1,1,1,5,1
ID_VMSNHV,Fergana,40.78238658841871,71.33569604447851,1,1,1,1,1,5,1
ID_ZGOJXN,Fergana,40.75769346504266,71.31952681379023,1,1,1,1,1,5,1
ID_WWHUKY,Fergana,40.76533153487137,71.33701585218309,1,1,1,1,1,5,1
ID_NVHHPZ,Fergana,40.77603910939761,71.30210915922756,1,1,1,1,1,5,1
ID_MDOIOO,Fergana,40.70620598524666,71.40592938242928,1,1,1,1,1,5,1
ID_LIESOG,Fergana,40.72164463080433,71.4044289568045,1,1,1,1,1,5,1
ID_UBTSVK,Fergana,40.734850639386686,71.37223484939561,1,1,1,1,1,5,1
ID_RVZMAN,Fergana,40.65127445101791,71.46135994083,1,1,1,1,1,5,1
ID_PWWLNL,Fergana,40.65536712394793,71.47635054516672,1,1,1,1,1,5,1
ID_SKREMZ,Fergana,40.659840510638894,71.46949769746993,1,1,1,1,1,5,1
ID_ISQWWW,Fergana,40.69360982123364,71.5108717654393,1,1,1,1,1,5,1
ID_JISTWA,Fergana,40.695151711965416,71.48871422455302,1,1,1,1,1,5,1
ID_BQXZTL,Fergana,40.65968822513452,71.51355579745389,1,1,1,1,1,5,1
ID_CQWLSX,Fergana,40.710170869834215,71.52080839459965,1,1,1,1,1,5,1
ID_BUHJDN,Fergana,40.76853400096571,71.56005969493232,1,1,1,1,1,5,1
ID_OUECWQ,Fergana,40.75682705281702,71.5588699644294,1,1,1,1,1,5,1
ID_GXDLGG,Fergana,40.76586900463918,71.54364141399209,1,1,1,1,1,5,1
ID_AUXREL,Fergana,40.88360435417431,71.46864911563493,1,1,1,1,1,5,1
ID_IPQLGV,Fergana,40.84916760476744,71.47299163197057,1,1,1,1,1,5,1
ID_FKMGOO,Fergana,40.976838080756245,71.57250019551334,0,0,0,0,0,0,1
ID_ZHZRHO,Fergana,40.93491197783352,71.61713888398272,1,1,1,1,1,5,1
ID_RTBPMX,Fergana,40.81475097109068,71.65450499282035,1,1,1,1,1,5,1
ID_HUPJQQ,Fergana,40.74380088033314,71.70069496410339,1,1,1,1,1,5,1
ID_RSRVQX,Fergana,40.6981815821813,71.71506597103433,1,1,1,1,1,5,1
ID_QILPTC,Fergana,40.75255927971876,71.7905334972627,1,1,1,1,1,5,1
ID_HTEDOZ,Fergana,40.74042402858903,71.77899311138442,1,1,1,1,1,5,1
ID_NXVGVM,Fergana,40.66868327926324,71.79814777248136,1,1,1,1,1,5,1
ID_UTICZD,Fergana,40.72686110085579,71.80052723348719,1,1,1,1,1,5,1
ID_ZWSZZU,Fergana,40.64310407345056,71.58679214863848,1,1,1,1,1,5,1
ID_JUANLR,Fergana,40.63709593441084,71.58524549898469,1,1,1,1,1,5,1
ID_RPVYCG,Fergana,40.654097183297495,71.5431290391815,1,1,1,1,1,5,1
ID_AWOXFB,Fergana,40.67710657122387,71.58648281870771,1,1,1,1,1,5,1
ID_VXHKDY,Fergana,40.73081100612545,71.7065504210619,1,1,1,1,1,5,1
ID_HMCXDL,Fergana,40.7550339191648,71.7724614909234,0,0,0,0,0,0,1
ID_RTYKTE,Fergana,40.75221840390344,71.82501110610099,1,1,1,1,1,5,1
ID_KCMKYA,Fergana,40.78793039520579,71.28655331020647,1,1,1,1,1,5,1
ID_JLYWCR,Fergana,40.79057928108576,71.3146365491921,1,1,1,1,1,5,1
ID_OZJKED,Fergana,40.75072303884482,71.43114413838776,1,1,1,1,1,5,1
ID_WLRQPA,Fergana,40.7224898477215,71.60636688074275,1,1,1,1,1,5,1
ID_UGDOBT,Fergana,40.675466368253645,71.38489331281087,1,1,1,1,1,5,1
ID_FFWIDX,Fergana,40.667777473137846,71.46389294105948,1,1,1,1,1,5,1
ID_AWDDGE,Fergana,40.70380974632757,71.41278440293682,1,1,1,1,1,5,1
ID_RAAUGI,Fergana,40.77938273537453,71.60494289783185,1,1,1,1,1,5,1
ID_EBTNTM,Fergana,41.63660165264459,71.36061614960984,0,0,0,0,0,0,1
ID_UNCNYB,Fergana,41.1755330651882,72.31070492430742,0,0,0,0,0,0,1
ID_UWNLZB,Fergana,42.06779246746279,71.70123767889346,0,0,0,0,0,0,1
ID_MKRMXB,Fergana,40.99724951670108,71.97953197535794,0,0,0,1,0,1,1
ID_CPBHQO,Fergana,41.63438870121589,72.34285391439262,0,0,0,0,0,0,1
ID_IZNLPC,Fergana,40.69524999614398,73.13202577284058,0,0,0,0,0,0,1
ID_SWQTSF,Fergana,40.99524522829224,72.29418409291704,0,0,0,0,0,0,1
ID_LFILKC,Fergana,40.561552807445786,71.56569307482364,1,1,1,1,1,5,1
ID_LRJDXB,Fergana,40.42336389095916,72.83653082642549,0,0,0,0,0,0,1
ID_VCCTVO,Fergana,42.23799979964527,72.382126770011,0,0,0,0,0,0,1
ID_POIDJR,Fergana,41.73065778579515,72.56981932504921,0,0,0,0,0,0,1
ID_TWSZPJ,Fergana,40.83087967929085,72.679001330936,1,1,1,1,1,5,1
ID_PFRFCV,Fergana,40.4926041712201,72.40151296211577,0,0,0,0,0,0,1
ID_JTOUVZ,Fergana,41.642119761380194,72.23221366827592,0,0,0,0,0,0,1
ID_VPQAYV,Fergana,41.791413773159285,71.32750635329792,0,0,0,0,0,0,1
ID_GESIIA,Fergana,40.90340079796825,72.87755416743944,0,0,0,0,0,0,1
ID_WOKDQA,Fergana,41.87760128821943,71.77345250905508,0,0,0,0,0,0,1
ID_TFKIJS,Fergana,41.56053209733678,71.55630058408936,0,0,0,0,0,0,1
ID_UOCBEQ,Fergana,41.88332508387517,72.70300435449265,0,0,0,0,0,0,1
ID_RHRMLH,Fergana,41.10658929903686,72.67197450557138,0,0,0,0,0,0,1
ID_TCLHRM,Fergana,41.00433668690825,72.97966075128296,0,0,0,0,0,0,1
ID_RBKPAH,Fergana,40.382845650064574,71.61086426617551,0,0,0,0,0,0,1
ID_FDGIAT,Fergana,40.5610109296173,72.34045642813062,0,0,0,0,0,0,1
ID_EJSNVU,Fergana,40.35526415834081,72.26829575448029,0,0,0,0,0,0,1
ID_BWBAXW,Fergana,40.881315720474014,71.99181317104485,1,1,1,1,1,5,1
ID_OOSKCA,Fergana,41.47723599720174,72.19306681220861,0,0,0,0,0,0,1
ID_IUQVXC,Fergana,41.22150029548393,72.73625096504243,0,0,0,0,0,0,1
ID_VGPNKI,Fergana,41.095949125938,72.49912699474375,0,0,0,0,1,1,0
ID_IIENCN,Fergana,40.53917192861061,72.89467975753361,0,0,0,0,0,0,1
ID_XJSVVG,Fergana,40.340757318170425,72.07402170477657,0,0,0,0,0,0,1
ID_DFPTRE,Fergana,40.95639821979196,73.16455719012659,0,0,0,0,0,0,1
ID_UMTTLY,Fergana,42.03754596968704,71.46806881315759,0,0,0,0,0,0,1
ID_OQQWQD,Fergana,41.538717873851816,73.0395770003744,0,0,0,0,0,0,1
ID_BLHHBN,Fergana,40.483024950934144,72.0652505878261,0,0,0,0,0,0,1
ID_ILBVBW,Fergana,40.43266780685425,72.68451384418309,0,0,0,0,0,0,1
ID_WPNMOU,Fergana,41.36671190156331,72.75422234546745,0,0,0,0,0,0,1
ID_XLVQIM,Fergana,41.223961940194805,72.61033712184623,0,0,0,0,0,0,1
ID_DBCXIS,Fergana,40.2930402645646,72.26036651990593,0,0,0,0,0,0,1
ID_NEGLLN,Fergana,40.40454738556516,71.44160366147766,0,0,0,0,0,0,1
ID_EJHKIP,Fergana,42.03495074530431,72.73642532673269,0,0,1,1,0,2,1
ID_UQBCRH,Fergana,40.81699752949779,72.77750030139437,0,0,0,0,0,0,1
ID_SRXWIP,Fergana,40.27936106936064,73.20750436728714,0,0,0,0,0,0,1
ID_DJZSKP,Fergana,41.73252577891625,72.2280681130783,0,0,0,0,0,0,1
ID_YIJUVR,Fergana,41.26528653713526,73.1745532202744,0,0,0,0,0,0,1
ID_VTRNQL,Fergana,40.81361039041692,73.00837222248295,0,0,0,0,0,0,1
ID_JJEFYM,Fergana,40.8465928593628,72.58878367722532,0,0,0,0,0,0,1
ID_FDCVCU,Fergana,42.219183119372666,73.07831455299369,0,0,0,0,0,0,1
ID_VWAITD,Fergana,40.378088716891874,71.90118424303547,0,0,0,0,0,0,1
ID_JEVUVE,Fergana,42.16041859539708,71.82759819427953,0,0,0,0,0,0,1
ID_LKRGLH,Fergana,40.35945510293268,73.1055421093048,0,0,0,0,0,0,1
ID_TLNIVM,Fergana,41.29510569591852,72.47782816077758,0,0,0,0,0,0,1
ID_VJYZMH,Fergana,41.88322490226354,71.45711590356588,0,0,0,0,0,0,1
ID_JNZVUD,Fergana,41.0117481383759,72.1426766304253,0,0,0,0,0,0,1
ID_GQWOCV,Fergana,41.11695877621863,73.11567426893096,0,0,0,0,0,0,1
ID_WHTHXD,Fergana,40.89070437864492,72.35755648946413,0,0,0,0,0,0,1
ID_LYFLJA,Fergana,41.88222624050084,72.522897585857,0,0,0,0,0,0,1
ID_BNGZJA,Fergana,41.80544908524566,72.36275312419771,0,0,0,0,0,0,1
ID_YVQUDH,Fergana,41.46120475767085,72.4221079156825,0,0,0,0,0,0,1
ID_VSDSLA,Fergana,41.511769768241344,73.14356249911994,0,0,0,0,0,0,1
ID_CGVOSN,Fergana,41.73303567533676,72.7674564170584,0,0,0,0,0,0,1
ID_CHHBKU,Fergana,41.20030468798725,73.02204619446236,0,0,0,0,0,0,1
ID_LCXPAN,Fergana,41.876578586886886,72.85275659697966,0,0,0,0,0,0,1
ID_GDLPGK,Fergana,42.132065084049394,71.28693469106311,0,0,0,0,0,0,1
ID_RCZBNN,Fergana,42.03622107847715,72.07243026141602,0,0,0,0,0,0,1
ID_ZOKMQZ,Fergana,40.37830200722518,73.1654125044583,0,0,0,0,0,0,1
ID_GAUITQ,Fergana,40.56448148075818,73.11999963215176,0,0,0,0,0,0,1
ID_UTIBOV,Fergana,41.86599901354665,72.1017364433521,0,0,0,0,0,0,1
ID_EUMSQV,Fergana,41.7588383535465,71.57832865753893,0,0,0,0,0,0,1
ID_BULHBF,Fergana,41.47162005573701,72.6403390229748,0,0,0,0,0,0,1
ID_BYNZOG,Fergana,41.50308826073236,71.8769069028669,0,0,0,0,0,0,1
ID_TEJUWI,Fergana,40.68760477282429,72.56979122326449,0,0,0,0,0,0,1
ID_DJXTXK,Fergana,41.97279754719343,72.40832705800524,0,0,0,0,0,0,1
ID_ZMMYNU,Fergana,40.33421765046975,72.65518363927812,0,0,0,0,0,0,1
ID_SCPVOI,Fergana,40.35713295470983,72.47016772021125,0,0,0,0,0,0,1
ID_CRHPLR,Fergana,41.9074741058271,71.93763620893061,0,0,0,0,0,0,1
ID_JBWJZH,Fergana,42.21642388889588,71.48454841178217,0,0,0,0,0,0,1
ID_ZYBQJU,Fergana,40.57382414610779,72.6159117522554,0,0,0,0,0,0,1
ID_RYDPUA,Fergana,40.80145453286351,72.44161813563518,1,1,1,1,1,5,1
ID_BUJJOP,Fergana,40.62382864298152,72.75629979871316,0,0,0,0,0,0,1
ID_RYJTON,Fergana,40.30804163199783,72.79035492515096,0,0,0,0,0,0,1
ID_KQGCTM,Fergana,40.46269348251595,71.70600099893478,0,0,0,0,0,0,1
ID_KOGGLZ,Fergana,41.92912295677629,73.20725095535518,0,0,0,0,0,0,1
ID_HXMDWL,Fergana,41.127241179997405,72.88884695092521,1,1,1,1,0,4,0
ID_XLCRVI,Fergana,41.75349764318397,71.96314415911736,0,0,0,0,0,0,1
ID_JBOXWS,Fergana,42.19742249152639,72.02476533282415,0,0,0,0,0,0,1
ID_YQUNDF,Fergana,42.12312460055593,72.24252706727226,0,0,0,0,0,0,1
ID_DUAOJU,Fergana,40.674141218824296,72.97305369924273,0,0,0,0,0,0,1
ID_OPCIZS,Fergana,42.18741621839487,72.7904048355036,0,0,0,0,0,0,1
ID_NTVBZQ,Fergana,40.32616009065461,71.98554005015917,0,0,0,0,0,0,1
ID_LRIWUQ,Fergana,41.10489114577174,72.04141668787396,1,1,1,1,1,5,1
ID_EZLXBD,Fergana,41.73181933642862,73.02651572935072,0,0,0,0,0,0,1
ID_DEISIY,Fergana,42.01704466800444,72.99620104708704,0,0,0,0,0,0,1
ID_XVGQOD,Fergana,41.63656662727035,71.7324664766435,0,0,0,0,0,0,1
ID_HNNEYE,Fergana,40.541949902687655,71.75136420062121,0,0,0,0,0,0,1
ID_RSPVOV,Fergana,41.16785712614736,72.22465426033598,1,1,1,1,1,5,1
ID_ABQOQT,Fergana,41.5106736637405,72.84937137861341,0,0,0,0,0,0,1
ID_KQMQHY,Fergana,42.10799208308574,72.54734938437629,0,0,0,0,0,0,1
ID_MURHBB,Fergana,40.48259481124156,72.26363028905918,0,0,0,0,0,0,1
ID_LMFPIS,Fergana,41.02780313534546,72.78114424626234,1,1,1,1,1,5,1
ID_TWZDJO,Fergana,41.576152801212594,72.5240772273391,0,0,0,0,0,0,1
ID_IMGGCH,Fergana,40.69099330704355,72.43841663112921,0,0,0,0,0,0,1
ID_JPGWEI,Fergana,40.90871398907705,71.90303790481723,1,1,1,1,1,5,1
ID_PITMNM,Fergana,41.53347757543536,72.22793116645359,0,0,0,0,0,0,1
ID_IAYNZF,Fergana,41.4853850517268,72.31358814588275,0,0,0,0,0,0,1
ID_JBMWRM,Fergana,41.78156627132344,72.06513472621171,0,0,0,0,0,0,1
ID_NWLWST,Fergana,42.15743069072639,71.63592279105802,0,0,0,0,0,0,1
ID_JKOFOB,Fergana,41.98967868981536,71.78820829543116,0,0,0,0,0,0,1
ID_NTHZRD,Fergana,41.873085100529686,71.62818954278909,0,0,0,0,0,0,1
ID_ZKUIYT,Fergana,41.65308481870987,71.50462826350062,0,0,0,0,0,0,1
ID_FNNBDI,Fergana,41.71495080486146,71.4381541179867,0,0,0,0,0,0,1
ID_MLPNIP,Fergana,41.48236265559832,71.39410077692476,0,0,0,0,0,0,1
ID_EZTHIV,Fergana,40.47226718185731,71.52061909806577,0,0,0,0,0,0,1
ID_NSHVJR,Fergana,40.51618846283343,71.53874345254717,0,0,0,0,0,0,1
ID_ZPUSRA,Fergana,40.478156095306616,71.80880525063644,0,0,0,0,0,0,1
ID_MZUUPS,Fergana,40.50821215785757,71.60788505046723,0,0,0,0,0,0,1
ID_PEQQVD,Fergana,40.69052497296117,72.87866772848922,0,0,0,0,0,0,1
ID_RAYCAI,Fergana,41.20343838015294,72.91720560584422,0,0,0,0,0,0,1
ID_DRKUXW,Fergana,41.68488717797536,72.63182138091834,0,0,0,0,0,0,1
ID_TBDFIR,Fergana,42.05283394088142,72.41330357944791,0,0,0,0,0,0,1
ID_NIEXIJ,Fergana,41.87260443101516,72.00234662878138,0,0,0,0,0,0,1
ID_USQSPE,Fergana,41.77231252908042,71.80708924837344,0,0,0,0,0,0,1
ID_GOFZHH,Fergana,41.68874585855567,71.65687730005715,0,0,0,0,0,0,1
ID_FSIJYU,Fergana,41.59596650988171,72.27966820331193,0,0,0,0,0,0,1
ID_HDRJZV,Fergana,41.54343158006437,72.42395633924433,0,0,0,0,0,0,1
ID_YUHHSJ,Fergana,41.83815677574574,72.28967502657127,0,0,0,0,0,0,1
ID_LGMFOY,Fergana,41.95284679622685,72.165943054268,0,0,0,0,0,0,1
ID_SDQPGR,Fergana,41.91334774353004,72.26730809311645,0,0,0,0,0,0,1
ID_NQBKSC,Orenburg,51.90486814220579,54.76574171120577,1,1,0,1,0,3,0
ID_UAOYKY,Orenburg,52.21321393204105,56.05918431903929,0,0,0,0,0,0,1
ID_WMFZIQ,Orenburg,51.75570849020576,55.71892218320576,0,0,0,0,0,0,1
ID_XCONSY,Orenburg,51.60583089020579,54.51207108020579,0,0,0,0,0,0,1
ID_XEWEXZ,Orenburg,51.54821031420576,54.418699098205785,0,0,0,0,0,0,1
ID_KMYZYW,Orenburg,51.47397438420577,55.91392918020576,0,0,0,0,0,0,1
ID_AOCZHZ,Orenburg,51.93543816320575,56.0818302492058,0,0,0,0,0,0,1
ID_OMYWMF,Orenburg,52.122197930205765,55.06452199120579,0,0,0,0,0,0,1
ID_CELGET,Orenburg,51.97676734420579,54.5094305702058,0,0,0,0,0,0,1
ID_UOTEWX,Orenburg,52.068762270205774,56.058963014205766,0,0,0,0,0,0,1
ID_VNCRED,Orenburg,52.26743066720578,54.95643194820578,1,1,1,1,1,5,1
ID_IGGGTY,Orenburg,51.86420501020577,55.67536917220578,0,0,1,0,0,1,1
ID_HSAQSB,Orenburg,51.93168226420576,54.91707908920576,0,0,0,0,0,0,1
ID_DHKNXS,Orenburg,51.99978208820576,54.59979048620576,0,0,0,0,0,0,1
ID_IDXHPF,Orenburg,51.3254777982058,54.66907506420576,0,0,0,0,0,0,1
ID_DDTPKO,Orenburg,52.05853169820576,54.84318939620575,0,0,0,0,0,0,1
ID_MNRFGT,Orenburg,51.28069639720578,54.7698852402058,0,0,0,0,0,0,1
ID_WCLSCO,Orenburg,52.25933745920579,55.26830723120579,0,0,0,0,1,1,0
ID_BONODI,Orenburg,51.923263079205775,55.55480507720576,0,0,1,0,0,1,1
ID_NDFPCN,Orenburg,51.89881406920576,55.85764545720578,0,0,0,0,0,0,1
ID_VLNLBM,Orenburg,51.29863840020575,55.21286591420576,0,1,1,0,1,3,1
ID_USKVTP,Orenburg,52.13875568920579,56.08877796720579,0,0,0,0,0,0,1
ID_BIBZYB,Orenburg,51.54491082120577,56.23406313520578,0,0,0,0,0,0,1
ID_YAKTTZ,Orenburg,51.3655577602058,55.06587171520575,1,1,1,1,1,5,1
ID_QKZJWX,Orenburg,51.9079323242058,55.32169358220576,0,0,0,0,0,0,1
ID_JRROQJ,Orenburg,52.19257427520576,56.14653156520577,0,0,1,0,0,1,1
ID_ENNSFA,Orenburg,52.1077375252058,54.452528955205786,0,0,1,0,0,1,1
ID_AHRONV,Orenburg,51.6418759432058,54.71773901420576,0,0,0,0,0,0,1
ID_GJHYSC,Orenburg,51.32359195620577,55.482771186205774,0,0,0,0,0,0,1
ID_VKTWAF,Orenburg,51.80040005320577,54.82045256920579,0,0,0,0,0,0,1
ID_CAPSBT,Orenburg,52.24832019020575,54.609069778205786,0,0,0,0,0,0,1
ID_KGFWBN,Orenburg,51.579413609205766,55.53643561020581,1,1,1,1,1,5,1
ID_HVTIPR,Orenburg,51.28192661320579,55.69430742420578,0,0,0,0,0,0,1
ID_IHDRFH,Orenburg,51.832462103205806,54.69567534920579,0,0,0,0,0,0,1
ID_BYWXQL,Orenburg,51.30818782720578,55.61615725820578,0,0,0,0,0,0,1
ID_MZYRUI,Orenburg,52.24543621920579,55.87796933720576,0,0,0,0,0,0,1
ID_KDJTMW,Orenburg,51.28821902820575,55.27037750720577,0,0,0,0,0,0,1
ID_HSUXOZ,Orenburg,51.35744494620578,54.4484200102058,0,0,0,0,0,0,1
ID_ODGFQX,Orenburg,51.34229729144997,55.2757029280921,0,0,0,0,0,0,1
ID_WCSEGR,Orenburg,51.72614234020576,54.940608755205766,0,0,0,0,0,0,1
ID_PWETSO,Orenburg,51.63614650820576,55.60975070320577,0,0,0,0,0,0,1
ID_MWIYAY,Orenburg,51.9006054282058,56.211566080205806,0,0,0,0,0,0,1
ID_ZDZMGP,Orenburg,52.0071247342058,54.93763337820578,0,0,0,0,0,0,1
ID_FXOUJN,Orenburg,52.18153741720575,55.93786723720577,0,0,0,0,0,0,1
ID_JGNMCZ,Orenburg,51.4141960382058,55.807645961205786,0,0,0,0,0,0,1
ID_MVXJKO,Orenburg,51.996779510205805,55.96589084520578,0,0,0,0,0,0,1
ID_FDGYPK,Orenburg,51.48498933067591,56.10772745598202,0,0,0,0,0,0,1
ID_DIJVMR,Orenburg,51.64347447820577,55.19213817920578,0,0,0,0,0,0,1
ID_RGVZQM,Orenburg,51.60736091720579,56.15474772620578,0,0,0,0,0,0,1
ID_EUESMX,Orenburg,51.7568694942058,54.3672069092058,1,1,1,1,1,5,1
ID_OQBAWY,Orenburg,51.47492884320578,55.35053301720577,0,0,0,0,0,0,1
ID_RTKVGS,Orenburg,52.0078252982058,54.41046564120577,1,1,1,0,0,3,0
ID_ANJQRQ,Orenburg,51.48909186720575,54.74422453920575,0,0,0,0,0,0,1
ID_MMAOAN,Orenburg,52.10852275820579,55.1254430712058,0,0,0,0,0,0,1
ID_HZAVRU,Orenburg,51.855531424130696,54.57473486130274,1,0,0,1,0,2,1
ID_XCCDEN,Orenburg,51.33599370820578,54.92680207420576,1,1,1,1,1,5,1
ID_VGKJKO,Orenburg,51.592794772205785,54.60356000420577,0,0,0,0,0,0,1
ID_ZFRWQW,Orenburg,51.39772591020576,54.82218170220576,0,0,0,0,0,0,1
ID_TCJOBA,Orenburg,51.271947602205806,55.14076588420576,0,0,0,0,0,0,1
ID_EMLUOW,Orenburg,51.8411702452058,56.14792614520578,0,0,0,0,0,0,1
ID_CNBFWX,Orenburg,52.14306681720577,55.15128385120576,0,0,0,0,0,0,1
ID_MBBYXO,Orenburg,51.96618146720575,55.12549698520578,0,0,0,0,0,0,1
ID_AYIYPT,Orenburg,52.0568889582058,55.90343612820581,0,0,0,0,0,0,1
ID_SKCEGV,Orenburg,51.267361529205765,55.947532520205776,0,0,0,0,0,0,1
ID_KXITDZ,Orenburg,51.82615081488287,55.33574251253486,0,0,0,0,0,0,1
ID_SNZBLV,Orenburg,51.65969765920576,56.10782109220579,0,0,0,0,0,0,1
ID_ITYKUA,Orenburg,51.58694508620575,55.7633268172058,0,0,0,0,0,0,1
ID_HZMJYL,Orenburg,52.251728778205766,54.77459972920578,0,0,0,0,0,0,1
ID_RRCQUS,Orenburg,51.9363383252058,55.97075783020576,0,0,0,0,0,0,1
ID_CESQTI,Orenburg,51.47624567620576,55.13519384720578,0,0,0,0,0,0,1
ID_CAIJHD,Orenburg,51.75821336020575,54.7323165722058,0,0,0,0,0,0,1
ID_ELOKAJ,Orenburg,51.82004948820579,54.934984496205765,0,0,0,0,0,0,1
ID_CPIKHK,Orenburg,52.2409213722058,54.50020050120579,1,1,1,1,1,5,1
ID_CXXZOE,Orenburg,51.73932126220577,55.11670506020575,0,0,0,0,0,0,1
ID_JDHMBL,Orenburg,51.5811812702058,55.27203206520576,0,0,0,0,0,0,1
ID_KMBGGQ,Orenburg,52.25994816520576,54.377836441205794,1,1,1,1,1,5,1
ID_PFCHYI,Orenburg,51.506472569205776,54.95265669420578,0,0,0,0,0,0,1
ID_QUIIVW,Orenburg,52.30076674368976,55.062144812921495,1,1,1,1,1,5,1
ID_ZDIYFI,Orenburg,51.3952205692058,55.70738409220578,0,0,0,0,0,0,1
ID_ZZHSMO,Orenburg,51.4979930332058,55.678924468205786,0,0,0,0,0,0,1
ID_GJVKCO,Orenburg,52.12450324820579,55.5293692502058,0,0,0,0,0,0,1
ID_POROYM,Orenburg,51.99355688420578,55.3232706322058,0,0,0,0,0,0,1
ID_SLHSVU,Orenburg,51.339216132205785,54.54635255820576,0,0,0,0,0,0,1
ID_KMQGRS,Orenburg,52.16001144220578,54.33181259620576,0,0,0,0,0,0,1
ID_UBZMKN,Orenburg,51.86304323420577,54.27249047120576,0,0,0,0,0,0,1
ID_XROUJX,Orenburg,52.231521924205786,54.273952154205766,0,0,0,0,0,0,1
ID_NQCTRJ,Orenburg,51.66476296320578,55.334656469205775,0,0,0,0,0,0,1
ID_QBZRKT,Orenburg,52.092799831205774,54.59790563820578,0,0,0,0,0,0,1
ID_ZLAGNN,Orenburg,51.29597411720575,54.59659118220579,0,0,0,0,0,0,1
ID_POLKUP,Orenburg,51.5268891752058,55.137402695205786,1,1,1,1,1,5,1
ID_NIACKZ,Orenburg,51.66193505420576,55.04920335120576,0,0,0,0,0,0,1
ID_DYDILF,Orenburg,52.02845901920576,56.08827833920579,0,0,0,0,0,0,1
ID_MMLSIH,Orenburg,52.17759521720577,55.6753611892058,1,1,1,1,1,5,1
ID_VCWQRE,Orenburg,51.51853609220577,55.31824204520577,0,0,0,0,0,0,1
ID_ZGEEOY,Orenburg,51.91643425320577,54.82762642620579,0,0,0,0,0,0,1
ID_GKEQLA,Orenburg,51.73816060020575,56.21196841120578,0,0,0,0,0,0,1
ID_PFPKSF,Orenburg,52.10588864620578,54.93646208520576,0,0,0,0,0,0,1
ID_TVBCWE,Orenburg,51.33907001420575,55.83469963120577,0,0,0,0,0,0,1
ID_ILGWNQ,Orenburg,51.39312405420579,55.90512154420579,0,0,0,0,0,0,1
ID_PPPJVQ,Orenburg,51.74766916720576,54.67785440420575,0,0,0,0,0,0,1
ID_VSHPCD,Orenburg,51.3477508022058,56.1012188882058,0,0,0,0,0,0,1
ID_DHESNK,Orenburg,51.77342215020578,55.5105632082058,0,0,0,0,0,0,1
ID_DJEQSQ,Orenburg,51.73805750420578,56.07118437920578,0,0,0,0,0,0,1
ID_ZOMDIL,Orenburg,51.92358128420576,54.53071982420576,0,0,0,0,0,0,1
ID_BJADVZ,Orenburg,51.39086335420577,55.17664164820578,0,0,0,0,0,0,1
ID_NMRKVM,Orenburg,52.2145155752058,55.84921835320576,0,0,1,0,1,2,0
ID_CATHHN,Orenburg,51.49003227120576,54.613731295205774,0,0,0,0,0,0,1
ID_ELTTOC,Orenburg,51.88379627320577,55.18669858620577,0,0,0,0,0,0,1
ID_CUVJVB,Orenburg,51.58262636720578,56.17164870520579,0,0,0,0,0,0,1
ID_SOZCVT,Orenburg,51.798602452205806,54.49695503520578,0,0,0,0,0,0,1
ID_HZLJVL,Orenburg,51.780594506205794,54.61346213520576,0,0,0,0,0,0,1
ID_ZUGVPJ,Orenburg,51.839438328205766,55.92021472520579,0,0,0,0,0,0,1
ID_SQEDFF,Orenburg,51.5827682942058,56.11819619320576,0,0,0,0,0,0,1
ID_BJHOIS,Orenburg,52.03554319120578,54.29291436920576,0,0,0,0,0,0,1
ID_HGWZRC,Orenburg,51.828612079205776,56.05913772620576,0,0,0,0,0,0,1
ID_ZUXZWD,Orenburg,52.25123078020575,55.32359000320579,1,1,1,1,1,5,1
ID_WGSVTR,Orenburg,51.68970214720578,55.30348249520578,0,0,0,0,0,0,1
ID_MPGKLQ,Orenburg,52.23704342420578,55.23691703520578,0,0,0,0,0,0,1
ID_WCNHYJ,Orenburg,51.42505895820578,55.44712351720578,1,1,1,1,1,5,1
ID_YIAUTT,Orenburg,52.252405027205775,55.03587400520578,0,0,0,0,0,0,1
ID_LRJBNF,Orenburg,51.960275940205776,55.726049207205776,0,0,0,0,0,0,1
ID_LFGVIP,Orenburg,51.89451757620578,54.55644483720578,0,0,0,0,0,0,1
ID_OMIRBC,Orenburg,51.26551678220578,56.14376887520578,0,0,0,0,0,0,1
ID_ULDWLA,Orenburg,51.54094207620578,56.07612431220578,0,0,0,0,0,0,1
ID_YFRDQE,Orenburg,51.67919204620578,54.907594586205775,0,0,0,0,0,0,1
ID_YHRGJX,Orenburg,51.55360592320578,55.87346708720578,0,0,0,0,0,0,1
ID_EKHSGR,Orenburg,51.36927114520578,54.90948078520578,0,0,0,0,0,0,1
ID_SAMDFR,Orenburg,51.383825651205775,54.77203791320578,0,0,0,0,0,0,1
ID_ASVZKD,Orenburg,51.67137524120578,55.59992799220578,0,0,0,0,0,0,1
ID_BJSCIW,Orenburg,52.25105837820578,55.463831769205775,1,1,1,1,1,5,1
ID_DUTDZD,Orenburg,51.44230676120578,54.70601200420578,1,1,1,1,1,5,1
ID_NAQLSQ,Orenburg,51.57193282920578,54.98520969820578,0,0,0,0,0,0,1
ID_DKRWCC,Orenburg,51.61208703420578,55.33258704820578,0,0,0,0,0,0,1
ID_TPJZID,Orenburg,52.13409615820578,55.339596755205775,0,0,0,0,0,0,1
ID_HCOPPU,Orenburg,51.94868673620578,55.68508790420578,0,0,0,0,0,0,1
ID_RWRHNN,Orenburg,52.19972138618829,55.227677774767,0,0,0,0,0,0,1
ID_THBXYM,Orenburg,52.10041210820578,56.16882902320578,0,0,0,0,0,0,1
ID_CMPNZZ,Orenburg,51.883195919205775,54.37534290620578,1,1,0,1,0,3,0
ID_YDWOJR,Orenburg,51.469792660205776,54.85854893320578,1,1,1,1,1,5,1
ID_TYUABG,Orenburg,52.04570339720578,55.54980323720578,0,0,0,0,0,0,1
ID_BBUNQN,Orenburg,51.959736388205776,56.10172847020578,0,0,0,0,0,0,1
ID_KSCNQH,Orenburg,51.40753915020578,54.86232133320578,1,1,1,1,0,4,0
ID_INFVNK,Orenburg,51.44472805320578,54.45161137120578,0,0,0,0,0,0,1
ID_QVRBSS,Orenburg,51.54713576820578,56.04162870620578,0,0,0,0,0,0,1
ID_WBCLLP,Orenburg,51.744406398205776,55.97290950020578,0,0,0,0,0,0,1
ID_ITTDSS,Orenburg,52.14379916220578,54.733502362205776,0,0,0,0,0,0,1
ID_EYNUSE,Orenburg,51.66571664220578,55.70179615620578,0,0,0,0,0,0,1
ID_DUGXUA,Orenburg,52.20982507120578,54.396902660205775,0,0,0,0,0,0,1
ID_UHBSOC,Orenburg,51.56061117120578,56.05375746120578,0,0,0,0,0,0,1
ID_LJMOJG,Orenburg,52.00339098820578,56.26234529020578,0,0,0,0,1,1,0
ID_COSFNB,Orenburg,51.53878387220578,55.99123194620578,0,0,0,0,0,0,1
ID_WGMJDY,Orenburg,51.66571664220578,54.33707490120578,1,1,1,1,1,5,1
ID_WOXTKI,Orenburg,53.04067599320578,55.37247370720578,0,0,0,0,0,0,1
ID_KSHCJN,Orenburg,52.27719762920578,54.54485563320578,0,0,0,0,0,0,1
ID_XEUZYB,Orenburg,52.967105285205776,55.72416300720578,1,1,1,1,1,5,1
ID_MHVIOA,Orenburg,52.31142568820578,56.06992616220578,1,1,1,1,1,5,1
ID_FOHQMP,Orenburg,52.331468392451406,55.18870166643027,0,1,0,1,0,2,1
ID_MUFXTG,Orenburg,52.641287689205775,55.662988599205775,1,1,1,1,1,5,1
ID_AKGJVW,Orenburg,53.17030206020578,56.14780882120578,1,1,1,1,1,5,1
ID_YARWSC,Orenburg,52.97291177844558,54.92786216083772,1,1,1,1,0,4,0
ID_NGMBZS,Orenburg,52.46341860720578,55.184366529205775,0,0,1,0,1,2,0
ID_CXXNSJ,Orenburg,52.379605343205775,55.32504224920578,0,0,0,0,0,0,1
ID_ZCCDVB,Orenburg,53.13931130820578,54.43005161720578,0,0,0,0,0,0,1
ID_OLZGGI,Orenburg,52.514082913205776,55.60343284620578,0,0,0,0,0,0,1
ID_USTIHB,Orenburg,52.76309695220578,55.32908665320578,1,1,0,1,0,3,0
ID_FUPEEM,Orenburg,52.50438436820578,54.57072733720578,1,1,1,1,1,5,1
ID_KNZFIG,Orenburg,52.86227181920578,55.19245087920578,0,0,0,0,0,0,1
ID_DERVSB,Orenburg,52.56528677020578,54.98628880120578,0,1,0,0,0,1,1
ID_VICGJN,Orenburg,53.080666866033766,56.230542982205776,1,1,1,1,1,5,1
ID_RGZAKL,Orenburg,53.15763821320578,55.61421049320578,0,0,0,0,0,0,1
ID_TGMUDA,Orenburg,52.51920642020578,55.40912305820578,1,1,1,1,1,5,1
ID_VZDVJQ,Orenburg,52.46800256320578,55.89610148420578,0,0,0,0,0,0,1
ID_QPGVAB,Orenburg,53.15030893624659,55.23016946532897,1,1,1,1,1,5,1
ID_XLDXVI,Orenburg,52.81510790720578,55.077379317205775,1,1,1,1,1,5,1
ID_BLEOVK,Orenburg,52.79031530520578,55.215357281205776,0,0,0,0,0,0,1
ID_AREFEH,Orenburg,53.23525332620578,55.699642410205776,0,0,0,0,0,0,1
ID_WAQGHK,Orenburg,53.09888955720578,55.63172584220578,1,1,1,1,1,5,1
ID_OBHDFX,Orenburg,53.238753721205775,54.73619565920578,1,1,1,1,1,5,1
ID_NQUUZU,Orenburg,52.629430939205776,55.63415159320578,0,0,0,0,0,0,1
ID_JOMXNK,Orenburg,53.09673135220578,54.327104351205776,0,0,0,0,0,0,1
ID_EIFXUB,Orenburg,53.13850421120578,54.60306473820578,0,0,0,0,0,0,1
ID_ZNTZZC,Orenburg,52.536721769205776,54.534617537205776,1,1,1,1,1,5,1
ID_RGVXBZ,Orenburg,52.86820242320578,55.77671797220578,1,1,1,1,1,5,1
ID_FWUJVV,Orenburg,52.497374661205775,55.226678939205776,0,0,0,0,0,0,1
ID_EPUSXA,Orenburg,52.562865479205776,54.26458329520578,0,0,0,0,0,0,1
ID_SYOOEZ,Orenburg,52.35427319020578,54.60980689920578,1,1,1,1,1,5,1
ID_WMIMCG,Orenburg,53.2004676676912,54.96546607173202,1,1,1,0,1,4,1
ID_FNAXFD,Orenburg,52.679283689205775,54.47263157320578,0,0,0,0,0,0,1
ID_SXVIAP,Orenburg,52.49252315920578,54.95745179420578,0,0,0,0,0,0,1
ID_XUWWYJ,Orenburg,52.84987551820578,55.23341664020578,0,0,0,0,0,0,1
ID_YKCHDE,Orenburg,52.63392641234056,54.36098078033367,0,0,0,0,0,0,1
ID_YUYQEZ,Orenburg,52.5638435108423,54.746809454173295,0,0,0,0,0,0,1
ID_SYUFPE,Orenburg,52.70597380007028,55.38163676337096,0,0,0,0,0,0,1
ID_HRDSYY,Orenburg,52.302231775255926,54.70215254277414,0,0,0,0,0,0,1
ID_KZZAPX,Orenburg,52.82354986348368,55.55810216907823,0,0,0,0,0,0,1
ID_ZFOYDT,Orenburg,52.7769089626881,54.41541224858209,0,0,0,0,1,1,0
ID_GZEXCS,Orenburg,53.09865826163783,55.64629483176801,0,0,0,0,0,0,1
ID_QXLGGB,Orenburg,52.68645441579681,55.583899028603376,1,1,1,1,1,5,1
ID_GCAKTZ,Orenburg,53.15967119165455,55.59991748026058,0,0,0,0,0,0,1
ID_WMJOCM,Orenburg,53.14135849715844,55.28222714504644,0,0,0,0,0,0,1
ID_WQREBV,Orenburg,52.89218664085947,56.18775334582133,0,0,0,0,0,0,1
ID_HIYBEJ,Orenburg,53.0112011385743,55.66253245762024,0,0,0,0,0,0,1
ID_TOXCPP,Orenburg,52.74687629941038,54.27882570168415,0,0,0,0,0,0,1
ID_MAYEXE,Orenburg,52.42483929268908,54.631971352737786,0,0,0,1,1,2,0
ID_CFESSS,Orenburg,52.695196028320446,55.03820326878175,0,0,0,0,0,0,1
ID_GHGBOV,Orenburg,52.80514441075948,55.87052764371449,0,0,0,0,0,0,1
ID_DJLHRP,Orenburg,53.10683946075422,54.392974174051375,0,0,0,0,0,0,1
ID_FAEHCV,Orenburg,52.33487537121331,55.622988697145466,0,0,0,0,0,0,1
ID_IKMRCO,Orenburg,53.00828625655512,54.80401677257017,0,0,0,0,0,0,1
ID_EXJLGM,Orenburg,53.14061013381134,55.15941891882604,0,0,0,0,0,0,1
ID_FGBTRC,Orenburg,53.00444565915594,56.15536595508868,0,0,0,0,0,0,1
ID_IOZPOV,Orenburg,52.83933023528922,55.33716837456861,1,1,1,1,1,5,1
ID_VKNWMW,Orenburg,52.38764364925125,55.99976568017566,0,0,0,1,1,2,0
ID_MCXSNX,Orenburg,53.114040103601006,54.623218351513536,0,0,0,0,0,0,1
ID_URQDTE,Orenburg,52.566017142799886,55.97524274513537,0,0,0,0,0,0,1
ID_ZZVDLZ,Orenburg,52.63572648188167,54.75547476998022,0,0,0,0,0,0,1
ID_LZQVGX,Orenburg,52.73394657476549,56.19968925044352,0,0,0,0,0,0,1
ID_XBKKIH,Orenburg,52.37302021256803,55.29613043088872,0,0,0,0,0,0,1
ID_LWUQNK,Orenburg,52.50282072685032,56.01115517039258,0,0,0,0,0,0,1
ID_KDPTYY,Orenburg,53.165477204938576,54.52711664280334,0,0,0,0,0,0,1
ID_OCHNIK,Orenburg,52.60663973572954,54.585810593799145,0,0,0,0,0,0,1
ID_JMPAHD,Orenburg,52.6100332262537,54.5064333840315,0,0,0,0,0,0,1
ID_PSBXIG,Orenburg,52.30627121741039,54.42171278968871,0,0,0,0,0,0,1
ID_TXXAVH,Orenburg,52.4598979729296,55.54543315247107,0,0,0,0,0,0,1
ID_HMSCWD,Orenburg,52.454033007954045,54.492552594751565,1,1,1,1,1,5,1
ID_ZLVHKQ,Orenburg,52.69677911504274,55.27325458918178,1,1,1,1,1,5,1
ID_EFVTTW,Orenburg,52.84871576507404,56.19752104580814,0,0,1,0,1,2,0
ID_VNEIND,Orenburg,52.74881380951668,54.40047471365383,0,0,0,0,0,0,1
ID_WWAFVV,Orenburg,53.21015780642497,54.596028739124925,0,0,0,0,0,0,1
ID_GLXSHV,Orenburg,52.302021971662406,56.22856746614385,0,0,0,0,0,0,1
ID_NQDAJP,Orenburg,52.73987190908681,55.01638557902023,0,0,0,0,0,0,1
ID_EWPJEX,Orenburg,52.52228503991599,55.565780840818285,1,1,1,1,0,4,0
ID_TRHKEO,Orenburg,52.83248414013391,54.64878068073133,0,0,0,0,0,0,1
ID_ZWQRGK,Orenburg,52.39620704937183,56.26402497757643,1,1,1,1,1,5,1
ID_AUTAXQ,Orenburg,52.755836243265,56.182661905888914,1,1,1,1,1,5,1
ID_PAGUHZ,Orenburg,52.77400130168424,54.82559427014038,0,0,0,0,0,0,1
ID_QLJJGM,Orenburg,52.91476976580977,54.982968511797786,1,1,1,1,1,5,1
ID_RVKCNR,Orenburg,52.42263116184076,55.07768182456905,1,1,1,0,1,4,1
ID_VJQPHC,Orenburg,53.11102506094905,55.53834135225448,0,0,0,0,0,0,1
ID_BZQWGS,Orenburg,52.33676988253429,55.26736993063658,0,0,0,0,0,0,1
ID_XHDTXU,Orenburg,52.91570745155453,56.24076379184097,0,0,0,0,0,0,1
ID_UPRRSR,Orenburg,53.016580834594514,54.89313725522194,1,1,1,1,1,5,1
ID_ZGKKAS,Orenburg,52.40813166528945,55.530435183089615,0,0,0,0,0,0,1
ID_OESFNU,Orenburg,53.0318907047185,55.98993784282768,1,1,1,1,1,5,1
ID_XRNVVW,Orenburg,53.032423970677165,54.86093085958108,0,0,0,1,1,2,0
ID_ECDGVT,Orenburg,52.918996302002846,55.53900153143743,0,0,0,0,0,0,1
ID_ERICJT,Orenburg,53.08048148193014,55.102518632546456,0,0,0,0,0,0,1
ID_HUIGHW,Orenburg,52.58935446444698,54.64534950210193,0,0,0,0,0,0,1
ID_MWPYBX,Orenburg,52.70674387991752,55.17088927049601,0,0,0,0,0,0,1
ID_NWJHBW,Orenburg,52.314659782440536,55.64322722331095,0,0,0,0,0,0,1
ID_DFKOXL,Orenburg,52.88262696137732,54.8912860970054,0,0,0,0,0,0,1
ID_ISUMQE,Orenburg,52.95860302093293,55.64593308601925,1,1,1,1,1,5,1
ID_QAHTET,Orenburg,52.99904341755572,55.85183365736568,0,0,0,0,0,0,1
ID_MTCPQK,Orenburg,52.73366047815474,56.07595012430513,0,0,0,0,0,0,1
ID_ZJAFJA,Orenburg,53.1010717428721,54.70595668094173,1,1,1,1,1,5,1
ID_IVERQG,Orenburg,52.41017165375509,55.38622787388814,0,0,0,0,0,0,1
ID_SIDJPE,Orenburg,53.05204223718575,54.65213677385332,1,1,0,1,0,3,0
ID_VHHSPI,Orenburg,52.89184175354594,54.82132272988812,0,0,0,0,0,0,1
ID_XZIXJE,Orenburg,52.36416849260157,55.90896597598165,1,1,1,1,1,5,1
ID_YXKFSD,Orenburg,52.63652888057927,55.12247434793348,1,1,1,1,1,5,1
ID_TPEJQA,Orenburg,53.06273751563864,54.31963703176429,0,0,0,0,0,0,1
ID_WGNBZR,Orenburg,52.70039564972907,55.50336356927127,0,0,0,0,0,0,1
ID_QARKJO,Orenburg,53.19564290036279,54.44080090662876,0,0,0,0,0,0,1
ID_MDSQHR,Orenburg,53.119970795774826,56.06624966860223,0,0,0,0,0,0,1
ID_RHPDVC,Orenburg,53.00107732812969,54.93631753077346,0,0,0,0,0,0,1
ID_SDCCFF,Orenburg,52.66195818452015,54.88764178893015,1,1,1,1,1,5,1
ID_GNFSHB,Orenburg,53.056526100947984,54.97152065439561,0,0,0,1,0,1,1
ID_MFYIAR,Orenburg,52.99059359267911,55.40727958036998,0,0,0,0,0,0,1
ID_XVRDCN,Orenburg,53.00141932816867,55.00320421113113,0,0,0,0,0,0,1
ID_SCGGZH,Orenburg,52.95115466798492,55.80309477169472,0,0,1,0,1,2,0
ID_MCEBHU,Orenburg,52.60340460209178,54.89854103466919,1,1,1,1,1,5,1
ID_ITCTBW,Orenburg,52.67454751522481,56.25198316947043,0,0,0,0,0,0,1
ID_REJLQW,Orenburg,52.74937152270788,55.441112753939215,0,0,0,0,0,0,1
ID_CVEKZH,Orenburg,53.04815484522472,56.1732990639326,1,1,1,1,1,5,1
ID_KWUQUC,Orenburg,52.373831784526224,55.527017153803705,0,0,0,0,0,0,1
ID_SBYEKP,Orenburg,52.4284608793346,55.65636596475528,0,0,0,0,0,0,1
ID_UREJJA,Orenburg,52.37681926137778,55.76222419245337,1,1,1,1,0,4,0
ID_RVZDXC,Orenburg,52.32430611247948,55.72117822160899,0,0,0,0,0,0,1
ID_KBGISR,Orenburg,52.30471317622701,55.73443221236297,1,1,1,1,1,5,1
ID_TOOZRI,Orenburg,52.31063339062487,56.11067675520771,0,0,0,0,0,0,1
ID_NSCRGI,Orenburg,52.72512404569962,55.95717919088568,0,0,0,0,0,0,1
ID_RKVOZB,Orenburg,52.65624402831471,55.91832677983015,0,0,0,0,0,0,1
ID_QEWWWB,Orenburg,52.96805993663937,55.92418216391709,0,1,0,0,1,2,0
ID_MGZBFQ,Orenburg,52.92623317662488,55.82024658225904,0,0,0,0,0,0,1
ID_KGLULW,Orenburg,53.20264153984888,54.50708918130814,1,1,1,1,1,5,1
ID_LDMQCK,Orenburg,52.72196907863698,54.57881586430912,1,1,1,1,1,5,1
ID_OACPQH,Orenburg,52.69927348030719,54.617125255443256,0,0,0,0,0,0,1
ID_NFRYJB,Orenburg,52.41605194829226,54.75347420026085,0,0,1,1,0,2,1
ID_FLOQMR,Orenburg,52.38418574836148,54.9874908226213,0,0,0,0,0,0,1
ID_SCTFIV,Orenburg,52.57951807690133,56.09978338204726,1,1,0,0,0,2,1
ID_ZHNSBE,Orenburg,52.93891626072362,56.18465302240545,1,1,1,1,1,5,1
ID_DSSCPE,Orenburg,53.15107152043517,56.05711679380928,1,1,1,1,1,5,1
ID_YKLUSC,Orenburg,52.95808461950744,55.52612637438428,0,0,0,0,0,0,1
ID_KYVPUL,Orenburg,52.999640698966594,55.161906514668,0,0,0,0,0,0,1
ID_RYDMNB,Orenburg,52.83990489283658,54.913643587510045,0,0,1,0,1,2,0
ID_YVMNXE,Orenburg,52.63075769697527,54.94798655957563,0,0,0,0,0,0,1
ID_PSDKPW,Orenburg,52.2947343103726,54.96676977965487,0,0,0,0,0,0,1
ID_NKZXTH,Orenburg,52.50391379278235,55.51656455177859,1,1,1,1,1,5,1
ID_ZZLDKS,Orenburg,53.1155578052388,55.87288989946514,1,1,1,1,1,5,1
ID_THSWSY,Orenburg,53.024921067444005,55.23303206871625,1,1,0,1,0,3,0
